<?xml version="1.0" encoding="UTF-8"?>
<project-private xmlns="http://www.netbeans.org/ns/project-private/1">
    <editor-bookmarks xmlns="http://www.netbeans.org/ns/editor-bookmarks/2" lastBookmarkId="0"/>
    <open-files xmlns="http://www.netbeans.org/ns/projectui-open-files/2">
        <group>
            <file>file:/C:/Users/Ali%20Azeem%20Abbas/OneDrive/Documents/NetBeansProjects/DB-PROJECT/src/db/project/close-small.jpg</file>
            <file>file:/C:/Users/Ali%20Azeem%20Abbas/OneDrive/Documents/NetBeansProjects/DB-PROJECT/src/db/project/clients.java</file>
            <file>file:/C:/Users/Ali%20Azeem%20Abbas/OneDrive/Documents/NetBeansProjects/DB-PROJECT/src/db/project/orders.java</file>
            <file>file:/C:/Users/Ali%20Azeem%20Abbas/OneDrive/Documents/NetBeansProjects/DB-PROJECT/src/db/project/login1.java</file>
            <file>file:/C:/Users/Ali%20Azeem%20Abbas/OneDrive/Documents/NetBeansProjects/DB-PROJECT/src/db/project/Clients-icon.png</file>
            <file>file:/C:/Users/Ali%20Azeem%20Abbas/OneDrive/Documents/NetBeansProjects/DB-PROJECT/src/db/project/DBPROJECT.java</file>
            <file>file:/C:/Users/Ali%20Azeem%20Abbas/OneDrive/Documents/NetBeansProjects/DB-PROJECT/src/db/project/Feedback-icon.png</file>
            <file>file:/C:/Users/Ali%20Azeem%20Abbas/OneDrive/Documents/NetBeansProjects/DB-PROJECT/src/db/project/feedback.java</file>
            <file>file:/C:/Users/Ali%20Azeem%20Abbas/OneDrive/Documents/NetBeansProjects/DB-PROJECT/src/db/project/main.java</file>
            <file>file:/C:/Users/Ali%20Azeem%20Abbas/OneDrive/Documents/NetBeansProjects/DB-PROJECT/src/db/project/clients_class.java</file>
            <file>file:/C:/Users/Ali%20Azeem%20Abbas/OneDrive/Documents/NetBeansProjects/DB-PROJECT/src/db/project/Order-icon.png</file>
        </group>
    </open-files>
</project-private>
